{
  "timestamp": "20260316_165546",
  "total": 58,
  "accuracy": 0.46551724137931033,
  "precision": 1.0,
  "recall": 0.38,
  "f1": 0.5507246376811594,
  "confusion_matrix": {
    "tp": 19,
    "fp": 0,
    "tn": 8,
    "fn": 31
  },
  "avg_total_latency_s": 15.614919502159644,
  "avg_llm_latency_s": 15.614919502159644,
  "latency_target_met": false
}