{
  "timestamp": "20260315_160212",
  "total": 8,
  "accuracy": 1.0,
  "precision": 0,
  "recall": 0,
  "f1": 0,
  "confusion_matrix": {
    "tp": 0,
    "fp": 0,
    "tn": 8,
    "fn": 0
  },
  "avg_total_latency_s": 1.7434358596801758e-05,
  "avg_llm_latency_s": 1.7434358596801758e-05,
  "latency_target_met": true
}