{
  "timestamp": "20260316_144232",
  "total": 58,
  "accuracy": 0.896551724137931,
  "precision": 1.0,
  "recall": 0.88,
  "f1": 0.9361702127659575,
  "confusion_matrix": {
    "tp": 44,
    "fp": 0,
    "tn": 8,
    "fn": 6
  },
  "avg_total_latency_s": 4.874015676564184e-05,
  "avg_llm_latency_s": 4.874015676564184e-05,
  "latency_target_met": true
}