{
  "timestamp": "20260316_143322",
  "total": 58,
  "accuracy": 0.5344827586206896,
  "precision": 1.0,
  "recall": 0.46,
  "f1": 0.6301369863013699,
  "confusion_matrix": {
    "tp": 23,
    "fp": 0,
    "tn": 8,
    "fn": 27
  },
  "avg_total_latency_s": 2.9843429039264547e-05,
  "avg_llm_latency_s": 2.9843429039264547e-05,
  "latency_target_met": true
}