{
  "timestamp": "20260316_150126",
  "total": 100,
  "accuracy": 1.0,
  "precision": 1.0,
  "recall": 1.0,
  "f1": 1.0,
  "confusion_matrix": {
    "tp": 50,
    "fp": 0,
    "tn": 50,
    "fn": 0
  },
  "avg_total_latency_s": 9.811162948608398e-05,
  "avg_llm_latency_s": 9.811162948608398e-05,
  "latency_target_met": true
}